{
    "Unnamed: 0": 704977,
    "Seq": 6156,
    "Dur": 1.038841,
    "RunTime": 1.038841,
    "Mean": 1.038841,
    "Sum": 1.038841,
    "Min": 1.038841,
    "Max": 1.038841,
    "sTos": 0.0,
    "dTos": 0.0,
    "sTtl": 63.0,
    "dTtl": 59.0,
    "sHops": 1.0,
    "dHops": 5.0,
    "TotPkts": 3,
    "SrcPkts": 1,
    "DstPkts": 2,
    "TotBytes": 199,
    "SrcBytes": 67,
    "DstBytes": 132,
    "Offset": 3194672,
    "sMeanPktSz": 67.0,
    "dMeanPktSz": 66.0,
    "Load": 508.258728,
    "SrcLoad": 0.0,
    "DstLoad": 508.258728,
    "Loss": 0,
    "SrcLoss": 0,
    "DstLoss": 0,
    "pLoss": 0.0,
    "SrcGap": 0.0,
    "DstGap": 0.0,
    "Rate": 1.925222,
    "SrcRate": 0.0,
    "DstRate": 0.962611,
    "SrcWin": 64128.0,
    "DstWin": 64896.0,
    "sVid": null,
    "dVid": null,
    "SrcTCPBase": 4018106627.0,
    "DstTCPBase": 1214858244.0,
    "TcpRtt": 0.022999,
    "SynAck": 0.002185,
    "AckDat": 0.020814,
    "ACC": 0.0,
    "CON": 0.0,
    "ECO": 0.0,
    "FIN": 0.0,
    "INT": 0.0,
    "NRS": 0.0,
    "REQ": 0.0,
    "RSP": 0.0,
    "RST": 1.0,
    "TST": 0.0,
    "URP": 0.0,
    "arp": 0.0,
    "icmp": 0.0,
    "ipv6-icmp": 0.0,
    "llc": 0.0,
    "lldp": 0.0,
    "sctp": 0.0,
    "tcp": 1.0,
    "udp": 0.0,
    "Shutdown": 0.0,
    "Start": 0.0,
    "Status": 1.0,
    "39": 0.0,
    "4": 0.0,
    "52": 0.0,
    "54": 0.0,
    "af11": 0.0,
    "af12": 0.0,
    "af41": 0.0,
    "cs0": 1.0,
    "cs4": 0.0,
    "cs6": 0.0,
    "cs7": 0.0,
    "ef": 0.0,
    "af11.1": 0.0,
    "af12.1": 0.0,
    "cs0.1": 1.0,
    "cs1": 0.0,
    "cs4.1": 0.0,
    "ef.1": 0.0
}