{
  "Unnamed: 0": 343365,
  "Seq": 8375,
  "Dur": 0.018897,
  "RunTime": 0.018897,
  "Mean": 0.018897,
  "Sum": 0.018897,
  "Min": 0.018897,
  "Max": 0.018897,
  "sTos": 0.0,
  "dTos": 0.0,
  "sTtl": 63.0,
  "dTtl": 59.0,
  "sHops": 1.0,
  "dHops": 5.0,
  "TotPkts": 3,
  "SrcPkts": 2,
  "DstPkts": 1,
  "TotBytes": 166,
  "SrcBytes": 108,
  "DstBytes": 58,
  "Offset": 1433468,
  "sMeanPktSz": 54.0,
  "dMeanPktSz": 58.0,
  "Load": 22860.77148,
  "SrcLoad": 22860.77148,
  "DstLoad": 0.0,
  "Loss": 0,
  "SrcLoss": 0,
  "DstLoss": 0,
  "pLoss": 0.0,
  "SrcGap": 0.0,
  "DstGap": 0.0,
  "Rate": 105.836899,
  "SrcRate": 52.918449,
  "DstRate": 0.0,
  "SrcWin": 512.0,
  "DstWin": 64240.0,
  "sVid": null,
  "dVid": null,
  "SrcTCPBase": 1254804771.0,
  "DstTCPBase": 1357865301.0,
  "TcpRtt": 0.002263,
  "SynAck": 0.002263,
  "AckDat": 0.0,
  "ACC": 0.0,
  "CON": 0.0,
  "ECO": 0.0,
  "FIN": 0.0,
  "INT": 0.0,
  "NRS": 0.0,
  "REQ": 0.0,
  "RSP": 0.0,
  "RST": 1.0,
  "TST": 0.0,
  "URP": 0.0,
  "arp": 0.0,
  "icmp": 0.0,
  "ipv6-icmp": 0.0,
  "llc": 0.0,
  "lldp": 0.0,
  "sctp": 0.0,
  "tcp": 1.0,
  "udp": 0.0,
  "Shutdown": 0.0,
  "Start": 1.0,
  "Status": 0.0,
  "39": 0.0,
  "4": 0.0,
  "52": 0.0,
  "54": 0.0,
  "af11": 0.0,
  "af12": 0.0,
  "af41": 0.0,
  "cs0": 1.0,
  "cs4": 0.0,
  "cs6": 0.0,
  "cs7": 0.0,
  "ef": 0.0,
  "af11.1": 0.0,
  "af12.1": 0.0,
  "cs0.1": 1.0,
  "cs1": 0.0,
  "cs4.1": 0.0,
  "ef.1": 0.0
}
